{"cameraMode":{"drawMode":0,"name":"Shaded","section":"Shading Mode"},"sceneLighting":false,"audioPlay":false,"sceneViewState":{"m_AlwaysRefresh":false,"showFog":true,"showSkybox":false,"showFlares":true,"showImageEffects":true,"showParticleSystems":true,"showVisualEffectGraphs":true,"m_FxEnabled":true},"in2DMode":false,"pivot":{"x":1.816388487815857,"y":0.5124986171722412,"z":-0.13070976734161378},"rotation":{"x":-0.11787591874599457,"y":0.36986443400382998,"z":-0.04737082123756409,"w":-0.9203592538833618},"size":0.5003466010093689,"orthographic":false}