{"cameraMode":{"drawMode":0,"name":"Shaded","section":"Shading Mode"},"sceneLighting":true,"audioPlay":false,"sceneViewState":{"m_AlwaysRefresh":false,"showFog":true,"showSkybox":true,"showFlares":true,"showImageEffects":true,"showParticleSystems":true,"showVisualEffectGraphs":true,"m_FxEnabled":true},"in2DMode":false,"pivot":{"x":55.967159271240237,"y":5.395895004272461,"z":-11.91497802734375},"rotation":{"x":0.005491896998137236,"y":0.21303367614746095,"z":0.0011633054818958045,"w":-0.9770079851150513},"size":5.1778178215026859,"orthographic":false}