{"cameraMode":{"drawMode":0,"name":"Shaded","section":"Shading Mode"},"sceneLighting":true,"audioPlay":false,"sceneViewState":{"m_AlwaysRefresh":false,"showFog":true,"showSkybox":true,"showFlares":true,"showImageEffects":true,"showParticleSystems":true,"showVisualEffectGraphs":true,"m_FxEnabled":true},"in2DMode":false,"pivot":{"x":10.877903938293457,"y":-2.8108713626861574,"z":21.336362838745118},"rotation":{"x":0.07469116151332855,"y":0.07682307809591294,"z":-0.005772479809820652,"w":0.994227409362793},"size":11.202580451965332,"orthographic":false}