{"cameraMode":{"drawMode":0,"name":"Shaded","section":"Shading Mode"},"sceneLighting":true,"audioPlay":false,"sceneViewState":{"m_AlwaysRefresh":false,"showFog":true,"showSkybox":true,"showFlares":true,"showImageEffects":true,"showParticleSystems":true,"showVisualEffectGraphs":true,"m_FxEnabled":true},"in2DMode":false,"pivot":{"x":5.720670223236084,"y":4.236262798309326,"z":-9.513367652893067},"rotation":{"x":0.03986428678035736,"y":-0.649421751499176,"z":0.034125618636608127,"w":0.7586187720298767},"size":0.26639026403427126,"orthographic":false}