{"cameraMode":{"drawMode":0,"name":"Shaded","section":"Shading Mode"},"sceneLighting":true,"audioPlay":false,"sceneViewState":{"m_AlwaysRefresh":false,"showFog":true,"showSkybox":true,"showFlares":true,"showImageEffects":true,"showParticleSystems":true,"showVisualEffectGraphs":true,"m_FxEnabled":true},"in2DMode":false,"pivot":{"x":4.9470534324646,"y":2.2214395999908449,"z":-2.855487585067749},"rotation":{"x":0.045794613659381869,"y":0.20803725719451905,"z":-0.009749052114784718,"w":0.9769948124885559},"size":0.786185085773468,"orthographic":false}