{"cameraMode":{"drawMode":0,"name":"Shaded","section":"Shading Mode"},"sceneLighting":true,"audioPlay":false,"sceneViewState":{"m_AlwaysRefresh":false,"showFog":true,"showSkybox":true,"showFlares":true,"showImageEffects":true,"showParticleSystems":true,"showVisualEffectGraphs":true,"m_FxEnabled":true},"in2DMode":false,"pivot":{"x":4.025292873382568,"y":-19.319921493530275,"z":29.678110122680665},"rotation":{"x":0.3059385418891907,"y":0.10587611794471741,"z":-0.034240156412124637,"w":0.945509135723114},"size":37.55852508544922,"orthographic":false}