{"cameraMode":{"drawMode":0,"name":"Shaded","section":"Shading Mode"},"sceneLighting":true,"audioPlay":false,"sceneViewState":{"m_AlwaysRefresh":false,"showFog":true,"showSkybox":true,"showFlares":true,"showImageEffects":true,"showParticleSystems":true,"showVisualEffectGraphs":true,"m_FxEnabled":true},"in2DMode":false,"pivot":{"x":5.789491176605225,"y":1.8486146926879883,"z":-0.053571298718452457},"rotation":{"x":-0.15924958884716035,"y":0.05781406909227371,"z":-0.009439375251531601,"w":-0.9854661226272583},"size":0.7882281541824341,"orthographic":false}