{"cameraMode":{"drawMode":0,"name":"Shaded","section":"Shading Mode"},"sceneLighting":true,"audioPlay":false,"sceneViewState":{"m_AlwaysRefresh":false,"showFog":true,"showSkybox":true,"showFlares":true,"showImageEffects":true,"showParticleSystems":true,"showVisualEffectGraphs":true,"m_FxEnabled":true},"in2DMode":false,"pivot":{"x":22.785404205322267,"y":2.699162483215332,"z":5.763635635375977},"rotation":{"x":0.05245285853743553,"y":0.4006884694099426,"z":-0.022980444133281709,"w":0.9144191145896912},"size":8.979698181152344,"orthographic":false}