{"cameraMode":{"drawMode":0,"name":"Shaded","section":"Shading Mode"},"sceneLighting":true,"audioPlay":false,"sceneViewState":{"m_AlwaysRefresh":false,"showFog":true,"showSkybox":true,"showFlares":true,"showImageEffects":true,"showParticleSystems":true,"showVisualEffectGraphs":true,"m_FxEnabled":true},"in2DMode":false,"pivot":{"x":19.23419952392578,"y":-10.223934173583985,"z":30.39774513244629},"rotation":{"x":0.07670670002698899,"y":0.4946078360080719,"z":-0.04387665167450905,"w":0.8646180629730225},"size":15.950549125671387,"orthographic":false}