{"cameraMode":{"drawMode":0,"name":"Shaded","section":"Shading Mode"},"sceneLighting":true,"audioPlay":false,"sceneViewState":{"m_AlwaysRefresh":false,"showFog":true,"showSkybox":true,"showFlares":true,"showImageEffects":true,"showParticleSystems":true,"showVisualEffectGraphs":true,"m_FxEnabled":true},"in2DMode":false,"pivot":{"x":355.48095703125,"y":356.24749755859377,"z":-4.099416255950928},"rotation":{"x":0.06454857438802719,"y":-0.018371324986219407,"z":0.0011885669082403184,"w":0.997744619846344},"size":528.4646606445313,"orthographic":false}