{"cameraMode":{"drawMode":0,"name":"Shaded","section":"Shading Mode"},"sceneLighting":true,"audioPlay":false,"sceneViewState":{"m_AlwaysRefresh":false,"showFog":true,"showSkybox":true,"showFlares":true,"showImageEffects":true,"showParticleSystems":true,"showVisualEffectGraphs":true,"m_FxEnabled":true},"in2DMode":false,"pivot":{"x":-0.13233911991119386,"y":0.27129894495010378,"z":8.039999961853028},"rotation":{"x":0.06207014620304108,"y":0.9199509024620056,"z":-0.1625455617904663,"w":0.3513018488883972},"size":4.518407821655273,"orthographic":false}