{"cameraMode":{"drawMode":0,"name":"Shaded","section":"Shading Mode"},"sceneLighting":true,"audioPlay":false,"sceneViewState":{"m_AlwaysRefresh":false,"showFog":true,"showSkybox":true,"showFlares":true,"showImageEffects":true,"showParticleSystems":true,"showVisualEffectGraphs":true,"m_FxEnabled":true},"in2DMode":false,"pivot":{"x":10.021475791931153,"y":2.399590015411377,"z":-0.7943171262741089},"rotation":{"x":0.034114111214876178,"y":0.18792469799518586,"z":-0.006531566381454468,"w":0.981570839881897},"size":11.580038070678711,"orthographic":false}