{"cameraMode":{"drawMode":0,"name":"Shaded","section":"Shading Mode"},"sceneLighting":false,"audioPlay":false,"sceneViewState":{"m_AlwaysRefresh":false,"showFog":true,"showSkybox":false,"showFlares":true,"showImageEffects":true,"showParticleSystems":true,"showVisualEffectGraphs":true,"m_FxEnabled":true},"in2DMode":false,"pivot":{"x":-18.550212860107423,"y":5.669429302215576,"z":-5.816200256347656},"rotation":{"x":-0.005251558497548103,"y":-0.9825756549835205,"z":0.027864348143339158,"w":-0.18351924419403077},"size":3.117478609085083,"orthographic":false}