{"cameraMode":{"drawMode":0,"name":"Shaded","section":"Shading Mode"},"sceneLighting":false,"audioPlay":false,"sceneViewState":{"m_AlwaysRefresh":false,"showFog":true,"showSkybox":false,"showFlares":true,"showImageEffects":true,"showParticleSystems":true,"showVisualEffectGraphs":true,"m_FxEnabled":true},"in2DMode":false,"pivot":{"x":11.964200973510743,"y":3.0492000579833986,"z":0.01830005645751953},"rotation":{"x":0.03986428678035736,"y":-0.649421751499176,"z":0.034125618636608127,"w":0.7586187720298767},"size":12.12435531616211,"orthographic":false}